{
  "SpriteComponent": ["TransformComponent", "TextureComponent"],
  "SpinnyThingComponent": ["TransformComponent"],
  "AnimatedComponent": ["SpriteComponent"],
  "PositionDisplayComponent": ["TextureComponent"],
  "TileCursorComponent": ["TransformComponent"],
  "PositionComponent": ["TransformComponent"],
  "PlayerControllerComponent": [],
  "FloorGeneratorComponent": ["CustomModelComponent"],
  "EnemyLogicComponent": ["PositionComponent", "AttackComponent"],
  "TextComponent": ["TextureComponent"],
  "StatusMessageComponent": ["TransformComponent"],
  "PlayerProjectileLogicComponent": ["TransformComponent", "PositionComponent", "AttackComponent"]
}